<?xml version="1.0" encoding="UTF-8" standalone="yes"?>
<addon id="plugin.video.pjd.playlist"
	name="DJing EDM Music Channels"
	version="1"
	provider-name="WHUFCLEE, VULCAN, PJD1976">
  <requires>
    <import addon="xbmc.python" version="2.1.0"/>
    <import addon="script.module.python.koding.aio" version="0.5"/>
    <import addon="plugin.video.youtube" version="5.0.0"/>
  </requires>
  <extension point="xbmc.python.pluginsource" library="default.py">
    <provides>video</provides>
  </extension>
  <extension point="xbmc.addon.metadata">
    <summary lang="en">A collection of EDM music TV Channels</summary>
    <description lang="en">For more information visit https://www.djing.com/</description>    
    <platform>all</platform>
    <forum>http://noobsandnerds.com/support</forum>
    <website>http://totalrevolution.tv</website>
    <source></source>
    <news>First release</news>
  </extension>
</addon>
